Nome,Quantidade,Componente
"U1",1," Arduino Uno R3"
"PIR1",1,"35.178732196976284 , -179.92710971899896 , -190.37017570408875  Sensor PIR"
